{
    "intrinsics": {
        "fov_deg": 64.03111128728523,
        "focal_length_px": 3262.7109815508784,
        "width": 3072.0,
        "height": 4080.0
    },
    "camera_poses": [
        {
            "label": "1000460437.jpg",
            "position_C": [
                -2.0450114938719213,
                0.12586885931406946,
                -0.8988659310724163
            ],
            "R_matrix": [
                [
                    0.9755611664133319,
                    0.005223468715584299,
                    0.21966594174071938
                ],
                [
                    2.4986140061912225,
                    -0.0014576937379182358,
                    -0.9995415423689316
                ],
                [
                    0.03024202717583324,
                    -0.16717814321114915,
                    0.21972320249629135
                ]
            ]
        },
        {
            "label": "1000460438.jpg",
            "position_C": [
                -1.5065134360664578,
                0.10354957136925305,
                -0.6379138763535254
            ],
            "R_matrix": [
                [
                    0.9805372452083608,
                    -0.005270089372278964,
                    0.19626241850442616
                ],
                [
                    1.8296967805744748,
                    -0.010735073359633827,
                    -0.9995833890408168
                ],
                [
                    0.026791912093734927,
                    -0.16562869692711268,
                    0.19603945765881312
                ]
            ]
        },
        {
            "label": "1000460439.jpg",
            "position_C": [
                -0.636021630084226,
                -0.00981426543737282,
                -0.2841644444050106
            ],
            "R_matrix": [
                [
                    0.9831614545375054,
                    0.004077507766753883,
                    0.18269353639937214
                ],
                [
                    0.7665759864111856,
                    -4.3194999717648136e-05,
                    -0.9997458142795644
                ],
                [
                    0.022545619634028805,
                    -0.1521784964326036,
                    0.18273902825036764
                ]
            ]
        },
        {
            "label": "1000460440.jpg",
            "position_C": [
                0.09272733507282677,
                -0.04449372524722534,
                -0.13222545358491894
            ],
            "R_matrix": [
                [
                    0.9860590165758099,
                    0.0008194255726957003,
                    0.1663939433130813
                ],
                [
                    -0.10928270009467073,
                    -0.003261802638099011,
                    -0.9997005376322292
                ],
                [
                    0.02425274626474043,
                    -0.18913837340290582,
                    0.1663639879093315
                ]
            ]
        },
        {
            "label": "1000460441.jpg",
            "position_C": [
                0.8252558038717425,
                -0.08263945930256227,
                0.06740952499827947
            ],
            "R_matrix": [
                [
                    0.9869839019917557,
                    -0.003363775197550653,
                    0.1607838991489794
                ],
                [
                    -0.9883794073726115,
                    -0.008448233639848847,
                    -0.9994852366178811
                ],
                [
                    0.030949784026147453,
                    -0.16666298766905932,
                    0.16059702536938636
                ]
            ]
        },
        {
            "label": "1000460442.jpg",
            "position_C": [
                1.2391303717211288,
                -0.14109047615337417,
                0.13093014795261887
            ],
            "R_matrix": [
                [
                    0.9903057060494072,
                    -0.0046479381390243536,
                    0.13882724961995513
                ],
                [
                    -1.5309067209314264,
                    -0.005219025899084847,
                    -0.9999793497781094
                ],
                [
                    0.003749904800664452,
                    -0.18267987432895416,
                    0.1388069534809053
                ]
            ]
        }
    ]
}